{
	"BundleName" : null,
	"Hats" : [
		{
			"Adaptive" : False,
			"Bounce" : False,
			"HideHands" : False,
			"IsSkinny" : False,
			"Main" : {
				"Hash" : "62dc154bf6e59e727fc0cd337c31ff46",
				"Address" : "vAry_Main.png",
				"ExIsFront" : False
			},
			"Climb" : {
				"Hash" : "9169159e0619c81f6cd46eaba6766008",
				"Address" : "vAry_Climb.png",
				"ExIsFront" : False
			},
			"SeekerCostume" : True,
			"FPS" : 1,
			"Name" : "きの",
			"Author" : "きの",
			"Package" : "None",
			"IsUnlockable" : False,
			"IsLocalizable" : True
		}
	],
	"Visors" : [
	],
	"Nameplates" : [
	],
	"Stamps" : [
	],
	"Packages" : [
		{
			"Package" : "Kino_Luciart",
			"Format" : "Kino_Luciart",
			"Priority" : 1,
			"IsLocalizable" : True
		}
	],
	"IsLocalizable" : True
}